{"shell": 0.005778694348161168, "cpp": 0.08471646234734545, "c-sharp": 0.05679103733642001, "d": 4.4668326078897255e-06, "go": 0.04699860994091657, "java": 0.11918069344999194, "javascript": 0.24993826230612898, "julia": 0.0028270617590372446, "lua": 0.006004539875253492, "perl": 0.004935537989317665, "php": 0.09690155857042208, "r": 0.0006702627312029321, "racket": 6.376433661955171e-05, "ruby": 0.010352621260245713, "rust": 0.013886281444740753, "scala": 0.006728020314970834, "swift": 0.007745542071831382, "typescript": 0.04191739187878124, "python": 0.09455919120600505}
