{
	"cpp": 0.01254658600553201,
	"text": 0.12641014723436508,
	"json5": 2.2084471621499325e-05,
	"shell": 0.0008703845267982925,
	"sql": 0.004627324974330708,
	"html_php": 6.01225509152987e-05,
	"julia": 0.00043268453254460983,
	"applescript": 1.9672812222242287e-06,
	"aspectj": 1.4204754102643884e-06,
	"ats": 3.6541312045956187e-06,
	"augeas": 1.8841855728771554e-07,
	"brightscript": 2.4114109944346734e-06,
	"bro": 7.901429549255912e-07,
	"cirru": 1.5233583025910238e-05,
	"darcs-patch": 7.376026950035518e-07,
	"ecere-projects": 2.7659490180778886e-07,
	"forth": 4.968113637936512e-06,
	"f-sharp": 0.00024582419537742594,
	"gap": 4.843414908270788e-06,
	"glsl": 0.00020272926470381566,
	"glyph": 1.6945788964291828e-07,
	"gosu": 1.9336728970115278e-06,
	"graphql": 2.3806963950775198e-05,
	"groff": 0.0009936162837967596,
	"isabelle": 2.248333817945882e-05,
	"labview": 1.4629080988387681e-05,
	"latte": 2.73072121130208e-06,
	"liquid": 2.552216793767031e-05,
	"literate-coffeescript": 8.845666254724882e-07,
	"livescript": 1.0843242550890501e-05,
	"logos": 0.00018055354255928278,
	"maple": 8.084854469709262e-06,
	"module-management-system": 5.17646548501334e-07,
	"nu": 4.3521494921819907e-07,
	"octave": 1.5792516469649852e-06,
	"ooc": 1.0031456082564382e-06,
	"opa": 8.20023488738309e-07,
	"papyrus": 1.7934665354754228e-05,
	"perl6": 9.650513227976393e-06,
	"postscript": 0.0008314372416501225,
	"processing": 8.870246433756728e-05,
	"prolog": 3.0771338309362342e-06,
	"propeller-spin": 4.936311803948045e-06,
	"smarty": 0.00010915038641834499,
	"solidity": 0.0003333522962634018,
	"sourcepawn": 4.761378742942148e-05,
	"xojo": 6.34176725638679e-06,
	"xquery": 8.506053149197716e-06,
	"xtend": 1.0725852546799065e-05,
	"ada": 6.552610113898547e-05,
	"c-sharp": 0.008162150638559669,
	"markdown": 0.01813918967276374,
	"html": 0.04043392972096448,
	"brainfuck": 1.4075668320336814e-05,
	"chuck": 8.022980917375986e-07,
	"coffeescript": 0.0001488498998168282,
	"coldfusion": 1.4870580696967935e-05,
	"dart": 0.0007548906108368525,
	"desktop": 2.669095818210524e-06,
	"dns-zone": 1.31780640640047e-05,
	"elm": 6.866186145496749e-05,
	"graphviz_dot": 0.000422642795351135,
	"idris": 6.60331518649799e-06,
	"jsoniq": 1.5933386439204734e-06,
	"jsonld": 4.5185120710969556e-05,
	"lean": 2.4821509780941075e-05,
	"literate-agda": 1.2899790127327403e-06,
	"m4": 2.2553040597172382e-05,
	"mask": 4.588530195008631e-06,
	"moonscript": 3.617888535804564e-06,
	"netlinx": 1.3279074698610383e-06,
	"ocaml": 0.0002741365728767176,
	"omgrofl": 9.211729991987104e-10,
	"oxygene": 2.9133600281109522e-08,
	"pawn": 1.946738843319517e-05,
	"pure-data": 5.202192022216768e-05,
	"ragel-in-ruby-host": 3.2881707339945977e-06,
	"rebol": 1.560678628368238e-06,
	"red": 1.0220499642593487e-05,
	"rouge": 5.351695870506075e-07,
	"scaml": 1.703236842066813e-08,
	"self": 9.342784103163427e-08,
	"shellsession": 6.427213849247947e-09,
	"slim": 1.1031879920532864e-05,
	"stan": 3.934471334029182e-06,
	"ston": 2.9877648240139724e-07,
	"uno": 2.2067142468869237e-06,
	"vhdl": 0.0004029331767297312,
	"tex": 0.0013673723272695643,
	"go": 0.0068322721126563134,
	"css": 0.006948946882151839,
	"scala": 0.000981170734733537,
	"apacheconf": 4.186106278616747e-08,
	"autoit": 2.888454589793907e-05,
	"bluespec": 7.712103203114147e-06,
	"chapel": 5.344217939867419e-06,
	"clean": 1.1395940210893604e-06,
	"clips": 2.7018458390691328e-06,
	"cmake": 0.00012181973864887285,
	"csv": 0.19453572795865579,
	"cycript": 3.0690720323142147e-06,
	"dockerfile": 0.00010674061086821534,
	"fancy": 2.9197451248795916e-07,
	"golo": 1.3189497930462495e-07,
	"grace": 2.1493672370013238e-07,
	"inform-7": 2.400161804621878e-06,
	"io": 2.1877530880808367e-06,
	"jflex": 2.525028634239068e-06,
	"json": 0.12123179906329429,
	"krl": 2.520836204258844e-07,
	"lasso": 2.636811958532155e-05,
	"less": 0.0002513834439755902,
	"lfe": 4.373312404260356e-07,
	"linker-script": 3.252506063809492e-05,
	"makefile": 0.00042338408764974826,
	"mako": 5.311249720605773e-06,
	"matlab": 2.49708050084725e-05,
	"mediawiki": 5.42933236034822e-05,
	"metal": 3.488643985610537e-06,
	"nimrod": 0.00010456750899862176,
	"nix": 0.00010795810208755953,
	"pike": 7.975602271449457e-07,
	"purescript": 2.722089923443459e-05,
	"rhtml": 2.265756745545243e-06,
	"rmarkdown": 1.322034322783889e-05,
	"scss": 0.0012027388165968044,
	"standard-ml": 0.00024401206304298614,
	"supercollider": 6.145151462751366e-06,
	"systemverilog": 0.00013271925661850474,
	"thrift": 2.914358927384277e-06,
	"vcl": 1.1107387864692991e-06,
	"viml": 7.583272652771372e-05,
	"web-ontology-language": 0.00026113515239202696,
	"xbase": 1.6437440590169504e-05,
	"xc": 1.473887727056637e-06,
	"xml": 0.03168949990426695,
	"c": 0.016510221103039437,
	"ags-script": 2.0264381614630933e-06,
	"asp": 0.0001189251869056165,
	"bison": 1.007591354671926e-06,
	"c2hs-haskell": 2.6519443431770566e-06,
	"common-lisp": 0.0004899722210747292,
	"diff": 0.0006079213188512756,
	"dm": 1.1114824660573617e-05,
	"emacs-lisp": 9.476403267339134e-05,
	"flux": 3.2045236333092937e-06,
	"freemarker": 5.578772701482744e-05,
	"gentoo-ebuild": 1.1775647672047182e-05,
	"gettext-catalog": 0.0011190382596357733,
	"groovy-server-pages": 3.5597081602793667e-05,
	"lilypond": 9.653790747263864e-06,
	"lolcode": 3.4641532102124853e-07,
	"lsl": 3.2449983933547317e-06,
	"m": 2.3356070028070635e-08,
	"max": 0.00021269152905361763,
	"mirah": 1.3371565158320251e-05,
	"mtml": 2.923394453263514e-07,
	"nginx": 5.44722428558427e-09,
	"numpy": 2.795076110471907e-09,
	"objdump": 3.3199138496508565e-05,
	"ox": 2.980959784342473e-07,
	"pascal": 0.000522462310415032,
	"pogoscript": 9.670450078684856e-08,
	"pov-ray-sdl": 1.065219701744378e-05,
	"python-traceback": 1.702082613035559e-08,
	"saltstack": 8.550591900546071e-06,
	"scheme": 8.589229754204397e-05,
	"shen": 2.4516954294802765e-07,
	"smt": 0.00011130568577861535,
	"sqf": 3.745893382623863e-05,
	"tea": 7.778620071491771e-06,
	"toml": 0.00020411567046562577,
	"vala": 4.712178576255913e-06,
	"yang": 2.276433658781117e-05,
	"zephir": 1.4901700921876348e-06,
	"powershell": 0.00026988891647547697,
	"cuda": 0.0001541828542004151,
	"php": 0.013858278624065056,
	"html_eex": 2.1955323461708442e-06,
	"lua": 0.0008851036087953922,
	"perl": 0.0007381335126559933,
	"rust": 0.002043033446434206,
	"abap": 1.7844105281703972e-05,
	"agda": 2.1681251041495234e-05,
	"batchfile": 8.958849486926428e-05,
	"bitbake": 1.8180547695524217e-05,
	"component-pascal": 1.7514123971861977e-05,
	"crystal": 6.28992284922221e-05,
	"cucumber": 3.9973935402744484e-05,
	"emberscript": 1.4081870336734644e-05,
	"g-code": 0.0005156491037136038,
	"genshi": 3.0073446004646827e-06,
	"http": 1.531956694922254e-05,
	"hy": 2.5319757423136702e-06,
	"idl": 7.619010088501577e-06,
	"irc-log": 2.671478196047162e-06,
	"jade": 3.455613462539269e-05,
	"java-server-pages": 0.00022907371706843197,
	"jupyter-notebook": 0.07667238812579613,
	"logtalk": 1.9802379342613455e-06,
	"nesc": 7.630013746785552e-05,
	"objective-cpp": 0.0001702847340112797,
	"piglatin": 5.835136104924261e-07,
	"pony": 6.046719547707955e-06,
	"purebasic": 1.4810818524229597e-05,
	"renderscript": 4.4969794496366543e-07,
	"restructuredtext": 0.000750522828417555,
	"sass": 4.746189948423102e-05,
	"slash": 1.416326349826062e-05,
	"smalltalk": 0.00022910328915295465,
	"sparql": 1.2913070391864238e-05,
	"svg": 0.041521436826089816,
	"tcl": 0.00010574732949772453,
	"textile": 6.421899606881603e-06,
	"turing": 1.5857443080561118e-06,
	"unrealscript": 1.6751420233557678e-05,
	"verilog": 1.2096934199154807e-07,
	"x10": 3.2891819123001694e-07,
	"zimpl": 9.903679245094884e-07,
	"kotlin": 0.0010674988281458148,
	"r": 0.00010583875057651598,
	"html_django": 2.2034811776961877e-05,
	"racket": 9.624823405079385e-06,
	"actionscript": 0.00013855869591028008,
	"api-blueprint": 6.163780719315806e-06,
	"arc": 8.377775695583495e-06,
	"autohotkey": 2.0880176800901732e-05,
	"boo": 1.642316019845612e-06,
	"click": 6.841219840016853e-07,