{
    "shell" : 1.372512685,
    "cpp": 20.121226733,
    "c-sharp" : 13.488586598,
    "d" : 0.001060929,
    "go" : 11.162761765,
    "java" : 28.306915665,
    "javascript" : 59.363485039,
    "julia" : 0.671462772,
    "lua" : 1.426153842,
    "perl" : 1.172252431,
    "php" : 23.015340546,
    "r" : 0.159195840,
    "racket" : 0.015144833,
    "ruby" : 2.458877931,
    "rust" : 3.298166728,
    "scala" : 1.597989558,
    "swift" : 1.839663790,
    "typescript" : 9.955908482,
    "python" : 22.458998797
    }
