{
    "cpp": 20.121226733,
    "text" : 183.908496880 ,
    "json5": 0.032882159 ,
    "shell" : 1.372512685,
    "sql" : 6.899987591,
    "html_php" : 0.101184131,
    "ada" : 0.105244651,
    "c-sharp" : 13.488586598,
    "markdown" : 28.983476699,
    "html" : 62.741193347,
    "tex" : 2.152633633,
    "go" : 11.162761765,
    "css" : 10.507825385,
    "c" : 25.857119066,
    "powershell" : 0.433014555,
    "cuda" : 0.244006957,
    "php" : 23.015340546,
    "html_eex" : 0.003530420,
    "kotlin" : 1.741747966,
    "r" : 0.159195840,
    "html_django" : 0.035476560,
    "java" : 28.306915665,
    "html_erb" : 0.303471931,
    "python" : 22.458998797,
    "jsx" : 0.846250981,
    "ruby" : 2.458877931,
    "swift" : 1.839663790,
    "javascript" : 59.363485039,
    "d" : 0.001060929,
    "julia" : 0.671462772,
    "lua" : 1.426153842,
    "perl" : 1.172252431,
    "racket" : 0.015144833,
    "rust" : 3.298166728,
    "scala" : 1.597989558,
    "typescript" : 9.955908482
    }
